[{"model": "core.filmgenre", "pk": 1, "fields": {"state": true, "created_date": "2022-11-19", "modified_date": "2022-11-19", "deleted_date": "2022-11-19", "film_genre": "Acción"}}, {"model": "core.filmgenre", "pk": 2, "fields": {"state": true, "created_date": "2022-11-19", "modified_date": "2022-11-19", "deleted_date": "2022-11-19", "film_genre": "Comedia"}}, {"model": "core.filmgenre", "pk": 3, "fields": {"state": true, "created_date": "2022-11-19", "modified_date": "2022-11-19", "deleted_date": "2022-11-19", "film_genre": "Drama"}}, {"model": "core.filmgenre", "pk": 4, "fields": {"state": true, "created_date": "2022-11-19", "modified_date": "2022-11-19", "deleted_date": "2022-11-19", "film_genre": "Intriga"}}, {"model": "core.filmgenre", "pk": 5, "fields": {"state": true, "created_date": "2022-11-19", "modified_date": "2022-11-19", "deleted_date": "2022-11-19", "film_genre": "Romance"}}, {"model": "core.filmgenre", "pk": 6, "fields": {"state": true, "created_date": "2022-11-19", "modified_date": "2022-11-19", "deleted_date": "2022-11-19", "film_genre": "Sci-fi"}}, {"model": "core.filmgenre", "pk": 7, "fields": {"state": true, "created_date": "2022-11-19", "modified_date": "2022-11-19", "deleted_date": "2022-11-19", "film_genre": "Suspenso"}}, {"model": "core.filmgenre", "pk": 8, "fields": {"state": true, "created_date": "2022-11-19", "modified_date": "2022-11-19", "deleted_date": "2022-11-19", "film_genre": "Terror"}}, {"model": "core.filmgenre", "pk": 9, "fields": {"state": true, "created_date": "2022-11-19", "modified_date": "2022-11-19", "deleted_date": "2022-11-19", "film_genre": "Thriller"}}, {"model": "core.filmgenre", "pk": 10, "fields": {"state": true, "created_date": "2022-11-19", "modified_date": "2022-11-19", "deleted_date": "2022-11-19", "film_genre": "Fantasía"}}, {"model": "core.filmgenre", "pk": 11, "fields": {"state": true, "created_date": "2022-11-19", "modified_date": "2022-11-19", "deleted_date": "2022-11-19", "film_genre": "Reality Show"}}, {"model": "core.classification", "pk": 1, "fields": {"state": true, "created_date": "2022-11-19", "modified_date": "2022-11-19", "deleted_date": "2022-11-19", "age_rating": "TV-MA"}}, {"model": "core.classification", "pk": 2, "fields": {"state": true, "created_date": "2022-11-19", "modified_date": "2022-11-19", "deleted_date": "2022-11-19", "age_rating": "R"}}, {"model": "core.classification", "pk": 3, "fields": {"state": true, "created_date": "2022-11-19", "modified_date": "2022-11-19", "deleted_date": "2022-11-19", "age_rating": "NC-17"}}, {"model": "core.classification", "pk": 4, "fields": {"state": true, "created_date": "2022-11-19", "modified_date": "2022-11-19", "deleted_date": "2022-11-19", "age_rating": "TV-Y"}}, {"model": "core.classification", "pk": 5, "fields": {"state": true, "created_date": "2022-11-19", "modified_date": "2022-11-19", "deleted_date": "2022-11-19", "age_rating": "TV-Y7"}}, {"model": "core.classification", "pk": 6, "fields": {"state": true, "created_date": "2022-11-19", "modified_date": "2022-11-19", "deleted_date": "2022-11-19", "age_rating": "G"}}, {"model": "core.classification", "pk": 7, "fields": {"state": true, "created_date": "2022-11-19", "modified_date": "2022-11-19", "deleted_date": "2022-11-19", "age_rating": "TV-G"}}, {"model": "core.classification", "pk": 8, "fields": {"state": true, "created_date": "2022-11-19", "modified_date": "2022-11-19", "deleted_date": "2022-11-19", "age_rating": "PG"}}, {"model": "core.classification", "pk": 9, "fields": {"state": true, "created_date": "2022-11-19", "modified_date": "2022-11-19", "deleted_date": "2022-11-19", "age_rating": "TV-PG"}}, {"model": "core.classification", "pk": 10, "fields": {"state": true, "created_date": "2022-11-19", "modified_date": "2022-11-19", "deleted_date": "2022-11-19", "age_rating": "PG-13"}}, {"model": "core.classification", "pk": 11, "fields": {"state": true, "created_date": "2022-11-19", "modified_date": "2022-11-19", "deleted_date": "2022-11-19", "age_rating": "TV-14"}}, {"model": "core.country", "pk": 1, "fields": {"state": true, "created_date": "2022-11-19", "modified_date": "2022-11-19", "deleted_date": "2022-11-19", "country": "Alemania", "iso_code": "DEU"}}, {"model": "core.country", "pk": 2, "fields": {"state": true, "created_date": "2022-11-19", "modified_date": "2022-11-19", "deleted_date": "2022-11-19", "country": "Bulgaria", "iso_code": "BGR"}}, {"model": "core.country", "pk": 3, "fields": {"state": true, "created_date": "2022-11-19", "modified_date": "2022-11-19", "deleted_date": "2022-11-19", "country": "Canada", "iso_code": "CAN"}}, {"model": "core.country", "pk": 4, "fields": {"state": true, "created_date": "2022-11-19", "modified_date": "2022-11-19", "deleted_date": "2022-11-19", "country": "La República de Corea", "iso_code": "KOR"}}, {"model": "core.country", "pk": 5, "fields": {"state": true, "created_date": "2022-11-19", "modified_date": "2022-11-19", "deleted_date": "2022-11-19", "country": "Dinamarca", "iso_code": "DNK"}}, {"model": "core.country", "pk": 6, "fields": {"state": true, "created_date": "2022-11-19", "modified_date": "2022-11-19", "deleted_date": "2022-11-19", "country": "España", "iso_code": "ESP"}}, {"model": "core.country", "pk": 7, "fields": {"state": true, "created_date": "2022-11-19", "modified_date": "2022-11-19", "deleted_date": "2022-11-19", "country": "Los Estados Unidos de América", "iso_code": "USA"}}, {"model": "core.country", "pk": 8, "fields": {"state": true, "created_date": "2022-11-19", "modified_date": "2022-11-19", "deleted_date": "2022-11-19", "country": "Francia", "iso_code": "FRA"}}, {"model": "core.country", "pk": 9, "fields": {"state": true, "created_date": "2022-11-19", "modified_date": "2022-11-19", "deleted_date": "2022-11-19", "country": "India", "iso_code": "IND"}}, {"model": "core.country", "pk": 10, "fields": {"state": true, "created_date": "2022-11-19", "modified_date": "2022-11-19", "deleted_date": "2022-11-19", "country": "Italia", "iso_code": "ITA"}}, {"model": "core.country", "pk": 11, "fields": {"state": true, "created_date": "2022-11-19", "modified_date": "2022-11-19", "deleted_date": "2022-11-19", "country": "México", "iso_code": "MEX"}}, {"model": "core.country", "pk": 12, "fields": {"state": true, "created_date": "2022-11-19", "modified_date": "2022-11-19", "deleted_date": "2022-11-19", "country": "Nueva Zelandia", "iso_code": "NZL"}}, {"model": "core.country", "pk": 13, "fields": {"state": true, "created_date": "2022-11-19", "modified_date": "2022-11-19", "deleted_date": "2022-11-19", "country": "Polonia", "iso_code": "POL"}}, {"model": "core.country", "pk": 14, "fields": {"state": true, "created_date": "2022-11-19", "modified_date": "2022-11-19", "deleted_date": "2022-11-19", "country": "Rumania", "iso_code": "ROU"}}, {"model": "core.country", "pk": 15, "fields": {"state": true, "created_date": "2022-11-19", "modified_date": "2022-11-19", "deleted_date": "2022-11-19", "country": "Singapur", "iso_code": "SGP"}}, {"model": "core.country", "pk": 16, "fields": {"state": true, "created_date": "2022-11-19", "modified_date": "2022-11-19", "deleted_date": "2022-11-19", "country": "Sudáfrica", "iso_code": "ZAF"}}, {"model": "core.country", "pk": 17, "fields": {"state": true, "created_date": "2022-11-19", "modified_date": "2022-11-19", "deleted_date": "2022-11-19", "country": "Turquía", "iso_code": "TUR"}}, {"model": "core.country", "pk": 18, "fields": {"state": true, "created_date": "2022-11-19", "modified_date": "2022-11-19", "deleted_date": "2022-11-19", "country": "Argentina", "iso_code": "ARG"}}, {"model": "core.country", "pk": 19, "fields": {"state": true, "created_date": "2022-11-19", "modified_date": "2022-11-19", "deleted_date": "2022-11-19", "country": "Australia", "iso_code": "AUS"}}, {"model": "core.country", "pk": 20, "fields": {"state": true, "created_date": "2022-11-19", "modified_date": "2022-11-19", "deleted_date": "2022-11-19", "country": "Austria", "iso_code": "AUT"}}, {"model": "core.country", "pk": 21, "fields": {"state": true, "created_date": "2022-11-19", "modified_date": "2022-11-19", "deleted_date": "2022-11-19", "country": "Bélgica", "iso_code": "BEL"}}, {"model": "core.country", "pk": 22, "fields": {"state": true, "created_date": "2022-11-19", "modified_date": "2022-11-19", "deleted_date": "2022-11-19", "country": "Brasil", "iso_code": "BRA"}}, {"model": "core.country", "pk": 23, "fields": {"state": true, "created_date": "2022-11-19", "modified_date": "2022-11-19", "deleted_date": "2022-11-19", "country": "Colombia", "iso_code": "COL"}}, {"model": "core.country", "pk": 24, "fields": {"state": true, "created_date": "2022-11-19", "modified_date": "2022-11-19", "deleted_date": "2022-11-19", "country": "Finlandia", "iso_code": "FIN"}}, {"model": "core.country", "pk": 25, "fields": {"state": true, "created_date": "2022-11-19", "modified_date": "2022-11-19", "deleted_date": "2022-11-19", "country": "El Reino Unido de Gran Bretaña", "iso_code": "GBR"}}, {"model": "core.country", "pk": 26, "fields": {"state": true, "created_date": "2022-11-19", "modified_date": "2022-11-19", "deleted_date": "2022-11-19", "country": "Japón", "iso_code": "JPN"}}, {"model": "core.country", "pk": 27, "fields": {"state": true, "created_date": "2022-11-19", "modified_date": "2022-11-19", "deleted_date": "2022-11-19", "country": "Portugal", "iso_code": "PRT"}}, {"model": "core.country", "pk": 28, "fields": {"state": true, "created_date": "2022-11-19", "modified_date": "2022-11-19", "deleted_date": "2022-11-19", "country": "Suecia", "iso_code": "SWE"}}, {"model": "core.provider", "pk": 1, "fields": {"state": true, "created_date": "2022-11-19", "modified_date": "2022-11-23", "deleted_date": "2022-11-23", "provider": "Netflix"}}, {"model": "core.provider", "pk": 2, "fields": {"state": true, "created_date": "2022-11-19", "modified_date": "2022-11-19", "deleted_date": "2022-11-19", "provider": "Disney Plus"}}, {"model": "core.provider", "pk": 3, "fields": {"state": true, "created_date": "2022-11-19", "modified_date": "2022-11-19", "deleted_date": "2022-11-19", "provider": "Amazon Prime"}}, {"model": "core.provider", "pk": 4, "fields": {"state": true, "created_date": "2022-11-19", "modified_date": "2022-11-19", "deleted_date": "2022-11-19", "provider": "HBO Max"}}, {"model": "core.provider", "pk": 5, "fields": {"state": true, "created_date": "2022-11-19", "modified_date": "2022-11-19", "deleted_date": "2022-11-19", "provider": "Paramount Plus"}}, {"model": "video.video", "pk": 1, "fields": {"state": true, "created_date": "2022-11-19", "modified_date": "2022-11-25", "deleted_date": "2022-11-25", "name": "El caso Hartung", "num_year": 2021, "video_type": "S", "classification": 1, "duration": 0, "film_genre": [9, 7], "country": [5], "provider": [1]}}, {"model": "video.video", "pk": 2, "fields": {"state": true, "created_date": "2022-11-19", "modified_date": "2022-11-25", "deleted_date": "2022-11-25", "name": "Purasangre", "num_year": 2016, "video_type": "M", "classification": 1, "duration": 103, "film_genre": [9, 7], "country": [11], "provider": [1]}}, {"model": "video.video", "pk": 3, "fields": {"state": true, "created_date": "2022-11-19", "modified_date": "2022-11-25", "deleted_date": "2022-11-25", "name": "Bigbug", "num_year": 2022, "video_type": "M", "classification": 1, "duration": 111, "film_genre": [6, 7], "country": [8], "provider": [1]}}, {"model": "video.video", "pk": 4, "fields": {"state": true, "created_date": "2022-11-19", "modified_date": "2022-11-25", "deleted_date": "2022-11-25", "name": "Quien mató a Sarah", "num_year": 2022, "video_type": "S", "classification": 1, "duration": 0, "film_genre": [4, 7], "country": [11], "provider": [1]}}, {"model": "video.video", "pk": 5, "fields": {"state": true, "created_date": "2022-11-19", "modified_date": "2022-11-25", "deleted_date": "2022-11-25", "name": "Black Mirror", "num_year": 2019, "video_type": "S", "classification": 1, "duration": 0, "film_genre": [6, 7], "country": [7], "provider": [1]}}, {"model": "video.video", "pk": 6, "fields": {"state": true, "created_date": "2022-11-19", "modified_date": "2022-11-25", "deleted_date": "2022-11-25", "name": "Inventando a Ana", "num_year": 2022, "video_type": "S", "classification": 1, "duration": 0, "film_genre": [3, 7], "country": [7], "provider": [1]}}, {"model": "video.video", "pk": 7, "fields": {"state": true, "created_date": "2022-11-19", "modified_date": "2022-11-25", "deleted_date": "2022-11-25", "name": "A través de mi ventana", "num_year": 2022, "video_type": "M", "classification": 1, "duration": 113, "film_genre": [5, 7], "country": [6], "provider": [1]}}, {"model": "video.video", "pk": 8, "fields": {"state": true, "created_date": "2022-11-19", "modified_date": "2022-11-25", "deleted_date": "2022-11-25", "name": "La hija oscura", "num_year": 2021, "video_type": "M", "classification": 1, "duration": 122, "film_genre": [9, 7], "country": [7], "provider": [1]}}, {"model": "video.video", "pk": 9, "fields": {"state": false, "created_date": "2022-11-25", "modified_date": "2022-11-25", "deleted_date": "2022-11-25", "name": "No me mates", "num_year": 2022, "video_type": "M", "classification": 1, "duration": 90, "film_genre": [8], "country": [10], "provider": [1]}}, {"model": "season.season", "pk": 1, "fields": {"state": true, "created_date": "2022-11-19", "modified_date": "2022-11-19", "deleted_date": "2022-11-19", "video": 1, "chapters": 6, "number_season": 1}}, {"model": "season.season", "pk": 2, "fields": {"state": true, "created_date": "2022-11-19", "modified_date": "2022-11-19", "deleted_date": "2022-11-19", "video": 2, "chapters": 0, "number_season": 0}}, {"model": "season.season", "pk": 3, "fields": {"state": true, "created_date": "2022-11-19", "modified_date": "2022-11-19", "deleted_date": "2022-11-19", "video": 3, "chapters": 0, "number_season": 0}}, {"model": "season.season", "pk": 4, "fields": {"state": true, "created_date": "2022-11-19", "modified_date": "2022-11-19", "deleted_date": "2022-11-19", "video": 4, "chapters": 6, "number_season": 1}}, {"model": "season.season", "pk": 5, "fields": {"state": true, "created_date": "2022-11-19", "modified_date": "2022-11-19", "deleted_date": "2022-11-19", "video": 5, "chapters": 6, "number_season": 1}}, {"model": "season.season", "pk": 6, "fields": {"state": true, "created_date": "2022-11-19", "modified_date": "2022-11-19", "deleted_date": "2022-11-19", "video": 6, "chapters": 6, "number_season": 1}}, {"model": "season.season", "pk": 7, "fields": {"state": true, "created_date": "2022-11-19", "modified_date": "2022-11-19", "deleted_date": "2022-11-19", "video": 7, "chapters": 0, "number_season": 0}}, {"model": "season.season", "pk": 8, "fields": {"state": true, "created_date": "2022-11-19", "modified_date": "2022-11-19", "deleted_date": "2022-11-19", "video": 8, "chapters": 0, "number_season": 0}}, {"model": "season.season", "pk": 9, "fields": {"state": true, "created_date": "2022-11-21", "modified_date": "2022-11-21", "deleted_date": "2022-11-21", "video": 4, "chapters": 8, "number_season": 2}}, {"model": "season.season", "pk": 10, "fields": {"state": true, "created_date": "2022-11-21", "modified_date": "2022-11-21", "deleted_date": "2022-11-21", "video": 5, "chapters": 4, "number_season": 2}}, {"model": "season.season", "pk": 11, "fields": {"state": true, "created_date": "2022-11-21", "modified_date": "2022-11-22", "deleted_date": "2022-11-22", "video": 5, "chapters": 6, "number_season": 3}}, {"model": "season.season", "pk": 12, "fields": {"state": true, "created_date": "2022-11-25", "modified_date": "2022-11-25", "deleted_date": "2022-11-25", "video": 9, "chapters": 0, "number_season": 0}}, {"model": "playlist.playlist", "pk": 1, "fields": {"state": true, "created_date": "2022-11-19", "modified_date": "2022-11-19", "deleted_date": "2022-11-19", "user": 2, "provider": 1}}, {"model": "playlist.playlistvideo", "pk": 1, "fields": {"playlist_id": 1, "season_id": 1, "viewed": false}}, {"model": "playlist.playlistvideo", "pk": 2, "fields": {"playlist_id": 1, "season_id": 2, "viewed": true}}, {"model": "playlist.playlistvideo", "pk": 3, "fields": {"playlist_id": 1, "season_id": 4, "viewed": true}}, {"model": "playlist.playlistvideo", "pk": 4, "fields": {"playlist_id": 1, "season_id": 6, "viewed": true}}, {"model": "playlist.playlistvideo", "pk": 5, "fields": {"playlist_id": 1, "season_id": 7, "viewed": true}}, {"model": "users.user", "pk": 1, "fields": {"password": "pbkdf2_sha256$390000$cbSFdQKCHAMOzBREV5CF9E$bVYysjavNwlTrMtn9vI2e+CMN77wzW4RdOBp3d3WBTY=", "last_login": "2022-11-25T18:26:00.158Z", "is_superuser": true, "username": "admin", "email": "admin@pruebas.com", "name": "Administrador", "last_name": "Pruebas", "is_active": true, "is_staff": true, "groups": [], "user_permissions": []}}, {"model": "users.user", "pk": 2, "fields": {"password": "pbkdf2_sha256$390000$HDu1L8qKFkmV3rxTVvq8JM$Es1u87ELhnRSrD4+swLrLj1m10gYftcRAy0Hql7UTPQ=", "last_login": null, "is_superuser": false, "username": "jonas", "email": "jonas@gmail.com", "name": "Jonas", "last_name": "Ramirez", "is_active": true, "is_staff": false, "groups": [], "user_permissions": []}}]